{"cameraMode":{"drawMode":0,"name":"Shaded","section":"Shading Mode"},"sceneLighting":true,"audioPlay":false,"sceneViewState":{"showFog":true,"showMaterialUpdate":true,"showSkybox":true,"showFlares":true,"showImageEffects":true,"showParticleSystems":true},"in2DMode":false,"pivot":{"x":-0.25275158882141116,"y":0.9916548132896423,"z":-0.4128851890563965},"rotation":{"x":0.013555404730141163,"y":-0.972568690776825,"z":0.058729421347379687,"w":0.22475513815879823},"size":1.5466864109039307,"orthographic":false}