{"cameraMode":{"drawMode":0,"name":"Shaded","section":"Shading Mode"},"sceneLighting":false,"audioPlay":false,"sceneViewState":{"showFog":true,"showMaterialUpdate":true,"showSkybox":false,"showFlares":true,"showImageEffects":true,"showParticleSystems":true},"in2DMode":false,"pivot":{"x":-4.76837158203125e-7,"y":0.9042659997940064,"z":0.011392325162887574},"rotation":{"x":0.04864226281642914,"y":-0.9512916803359985,"z":0.22104348242282868,"w":0.2093396782875061},"size":1.2878953218460084,"orthographic":false}