{"cameraMode":{"drawMode":0,"name":"Shaded","section":"Shading Mode"},"sceneLighting":false,"audioPlay":false,"sceneViewState":{"showFog":true,"showMaterialUpdate":true,"showSkybox":false,"showFlares":true,"showImageEffects":true,"showParticleSystems":true},"in2DMode":false,"pivot":{"x":-0.0002598762512207031,"y":1.2856223583221436,"z":-2.478794813156128},"rotation":{"x":0.08354666829109192,"y":-0.9075189828872681,"z":0.21661971509456635,"w":0.35001665353775027},"size":1.6050082445144654,"orthographic":false}